timestamp,temperature,humidity,vibration,pressure,is_anomaly
2026-05-16 00:00:00,16.496714153011233,75.01823221537514,0.021325762537334828,99.88854204306297,0
2026-05-16 01:00:00,16.066180741094406,71.32671862181122,0.02234694771497065,101.246504778432,0
2026-05-16 02:00:00,17.45153611539406,70.94240026347332,0.020362043117407413,101.49822174849679,0
2026-05-16 03:00:00,19.280389169288743,73.66221685261443,0.01740633610408831,102.14014903852127,0
2026-05-16 04:00:00,18.765846625276666,72.92905357603455,0.020799375903505283,102.58054068656837,0
2026-05-16 05:00:00,20.212948772435695,71.06167430934607,0.018697286212416342,99.98490580817213,0
2026-05-16 06:00:00,23.57921281550739,68.77349761372489,0.018942766636500488,100.18914248878966,0
2026-05-16 07:00:00,24.320348999768036,68.83888421090892,0.021172728037510188,99.74242214108538,0
2026-05-16 08:00:00,24.53052561406505,66.89606014812924,0.02247656614286727,100.76598014089302,0
2026-05-16 09:00:00,26.78520073070525,64.61522996463117,0.020042543153472123,101.46635837444633,0
2026-05-16 10:00:00,26.73273472989417,66.60550272628002,0.020617666025197927,101.9873345165891,0
2026-05-16 11:00:00,27.329825204164152,63.77939428143862,0.023404429889270478,100.92404897635748,0
2026-05-16 12:00:00,28.241962271566035,65.82293569417611,0.020481506358977136,100.68015247674515,0
2026-05-16 13:00:00,25.88227471307661,63.48901302106302,0.02520336622836079,101.15175799224875,0
2026-05-16 14:00:00,25.4712345901936,69.28132360249641,0.021131019291263087,100.16485709836998,0
2026-05-16 15:00:00,25.68035315787831,68.00091243852344,0.016478474481688366,103.08953872169478,0
2026-05-16 16:00:00,23.987168879665575,68.92232436489529,0.021506683242209064,99.39233897288194,0
2026-05-16 17:00:00,23.8671616032104,70.47165268532271,0.020762316769765556,101.18474057889573,0
2026-05-16 18:00:00,21.09197592447879,74.05736814934212,0.022579505508165492,103.02360621922963,0
2026-05-16 19:00:00,19.034782028049584,74.40091450759658,0.021346362702539916,101.00679984455999,0
2026-05-16 20:00:00,20.465648768921554,67.54573252219946,0.019723088032032453,100.80996096499851,0
2026-05-16 21:00:00,17.53158301239418,71.01557965661326,0.01755140352742127,100.64255457718957,0
2026-05-16 22:00:00,16.871375781981293,72.8532622190236,0.01958195348542795,100.8196083182376,0
2026-05-16 23:00:00,14.779696856052134,75.82842461557995,0.0182989590915814,102.37284847467653,0
2026-05-17 00:00:00,15.455617275474818,76.2708242205584,0.018838953100390556,98.7881380886705,0
2026-05-17 01:00:00,16.315367631975455,73.09621826811271,0.02117715680884122,102.53343370129633,0
2026-05-17 02:00:00,15.652853999871065,75.4512503290573,0.023339809008702812,99.57604284754986,0
2026-05-17 03:00:00,18.13305733122639,71.58278827031225,0.020789343059645964,100.73334767076558,0
2026-05-17 04:00:00,18.399361310081193,71.65747534595116,0.017608233875929632,100.57075557970134,0
2026-05-17 05:00:00,20.1553919795916,68.66236422263027,0.020889205336440283,101.58855326977071,0
2026-05-17 06:00:00,21.398293387770604,68.6348987975617,0.022393262973291302,99.40187564811625,0
2026-05-17 07:00:00,25.405192455124062,64.57247682466809,0.018780434191361235,101.46217266608194,0
2026-05-17 08:00:00,24.986502775262068,65.65905127383569,0.019731965666654167,103.02430962328685,0
2026-05-17 09:00:00,25.184929758163385,69.55933978668497,0.020029376389458394,99.6368259954072,0
2026-05-17 10:00:00,28.018697334809822,63.28624435448826,0.01843020337383552,101.1897061676104,0
2026-05-17 11:00:00,26.574711307763387,71.60499508346408,0.02129656086768772,100.3380178222034,0
2026-05-17 12:00:00,28.208863595004754,66.01954492575797,0.019758103702784437,101.42588720619304,0
2026-05-17 13:00:00,25.835884833854635,67.30096438030604,0.020839064887814056,101.01914777741575,0
2026-05-17 14:00:00,25.8679663738082,65.188911340591,0.0182250156443958,100.3585130909557,0
2026-05-17 15:00:00,26.439501922988406,67.84901822042725,0.01912508339935318,101.48787228487107,0
2026-05-17 16:00:00,25.73846657999541,65.85795108352812,0.021444762715655544,102.80434810978674,0
2026-05-17 17:00:00,23.724282551805096,68.86459358784664,0.019254333695816465,100.8090962082727,0
2026-05-17 18:00:00,21.88435171761176,75.21268770244818,0.02345392770246681,101.71975794214818,0
2026-05-17 19:00:00,20.145982033795583,71.29109457351423,0.019200727628770797,99.70672704212883,0
2026-05-17 20:00:00,17.521478009632574,75.88136424486528,0.020449369451503774,100.043563623182,0
2026-05-17 21:00:00,17.03751510448601,72.56363506615942,0.02186518166374618,101.47240627788038,0
2026-05-17 22:00:00,16.343208806333582,74.45545597393921,0.017163268534133937,102.48411602853596,0
2026-05-17 23:00:00,17.261567268484505,77.33234745648342,0.01647838237603845,101.35561334878567,0
2026-05-18 00:00:00,16.34361828956846,73.2711712527697,0.016948687370859812,100.68694196947685,0
2026-05-18 01:00:00,14.441404886902856,79.67177320647157,0.022525168206854365,100.99929140542335,0
2026-05-18 02:00:00,17.127931546688163,75.31315863356042,0.018896283708215108,99.74959226603028,0
2026-05-18 03:00:00,17.3722770324644,72.57724482223995,0.025116398571336504,101.60451532635537,0
2026-05-18 04:00:00,18.323077999694043,74.20635307835582,0.018871504802685225,101.88233306232341,0
2026-05-18 05:00:00,21.058762018225742,72.69809928467286,0.020369102606394074,100.54790966716692,0
2026-05-18 06:00:00,23.03099952249595,70.41882030643764,0.02308421990513575,100.5299578522405,0
2026-05-18 07:00:00,24.484194389731325,64.87219504843404,0.024012185776318244,101.26587822965205,0
2026-05-18 08:00:00,24.16078247677736,66.81709966692837,0.024123007153272796,100.5632802639594,0
2026-05-18 09:00:00,25.93342831126807,66.35822007988253,0.022416732461186285,100.93386738537417,0
2026-05-18 10:00:00,27.527415854110195,65.42920045851174,0.022048125051622926,103.09972178916651,0
2026-05-18 11:00:00,28.77110008485677,65.82446412721595,0.021185053898402365,100.752974299254,0
2026-05-18 12:00:00,27.52082576215471,65.93874139214275,0.021556722152333275,100.64165984797877,0
2026-05-18 13:00:00,27.609895981070594,62.841394497723314,0.018897628567342933,100.35245819436484,0
2026-05-18 14:00:00,26.089817448700604,67.48854174305144,0.018363602233155387,101.74419197149993,0
2026-05-18 15:00:00,25.046434063038614,68.78402424013674,0.019993251085178097,100.8187758267819,0
2026-05-18 16:00:00,25.8125258223942,68.06956023794673,0.019659630754950145,100.35062696167857,0
2026-05-18 17:00:00,24.90915429918595,69.83423801176049,0.01909354390134545,102.321304032273,0
2026-05-18 18:00:00,21.927989878419666,71.72545240636207,0.02139277489491343,102.41960300451363,0
2026-05-18 19:00:00,21.4506186272769,71.35786525663536,0.02191061041714102,100.39957643426129,0
2026-05-18 20:00:00,19.361636025047634,71.97035975704459,0.020176813772583697,99.13346004863938,0
2026-05-18 21:00:00,17.112239558275594,70.58828648634754,0.022955060162110526,102.00751368983693,0
2026-05-18 22:00:00,17.16524318280178,74.72704189202375,0.017716621771732992,100.31537017424,0
2026-05-18 23:00:00,17.74248160873156,73.82139008734097,0.019612681081440562,101.79062559916277,0
2026-05-19 00:00:00,15.964173960890049,75.3718185056787,0.01856635535879439,99.02989618228817,0
2026-05-19 01:00:00,17.769088698079596,70.8312318898957,0.01626692676585388,101.89259733829931,0
2026-05-19 02:00:00,14.184102473203623,74.09060494062058,0.019834638628314603,99.78882807071922,0
2026-05-19 03:00:00,18.57926181725594,74.84289625286105,0.019756504983233433,101.73076411906652,0
2026-05-19 04:00:00,19.08704706823817,72.25125203769616,0.023026899486484263,101.01427306783643,0
2026-05-19 05:00:00,20.148078378919006,72.84453869161005,0.021261623369109556,100.04606058060335,0
2026-05-19 06:00:00,22.0917607765355,69.98322813103253,0.01795162635134159,100.59296368707322,0
2026-05-19 07:00:00,21.565345356014234,70.4072359941801,0.023708185132668376,101.6863184569567,0
2026-05-19 08:00:00,24.780328112162486,69.652305122222,0.022442067391050705,101.10589445311524,0
2026-05-19 09:00:00,26.59975325863103,65.28810793666042,0.02116419540693723,101.58441298047248,0
2026-05-19 10:00:00,28.674046467448147,64.85300437992345,0.019547031802300337,102.97644058451549,0
2026-05-19 11:00:00,27.27728473946076,64.8536216310213,0.01808112152655304,99.43575838828895,0
2026-05-19 12:00:00,27.191506397106814,64.97780242744993,0.019255586447857895,102.61721257496862,0
2026-05-19 13:00:00,27.293797914149874,65.14661742174282,0.022177497239408372,101.10435593752321,0
2026-05-19 14:00:00,28.111554540408704,65.55502391094046,0.02376917261186922,100.10121595167688,0
2026-05-19 15:00:00,26.57139179677897,65.38538931924987,0.02308648705654438,99.669686374261,0
2026-05-19 16:00:00,24.47023979623296,70.53532041416067,0.019022301156427453,100.81087960922297,0
2026-05-19 17:00:00,24.066181703728482,66.5578400325782,0.01776076513342198,101.92165011192446,0
2026-05-19 18:00:00,22.09707754934804,69.54859467219886,0.02028177249382241,100.87245087962246,0
2026-05-19 19:00:00,21.415730719917764,69.58795330751744,0.0164631212688743,102.51115493024734,0
2026-05-19 20:00:00,18.297946906122647,75.85559824380935,0.020646335428369564,99.54882430994844,0
2026-05-19 21:00:00,17.42969716628295,74.04935181999679,0.01970479482740266,100.98791105215395,0
2026-05-19 22:00:00,16.411739424161212,76.5342975396083,0.019067926996263515,99.74760655558688,0
2026-05-19 23:00:00,14.740930094133471,72.83613517861927,0.01681059386546641,101.36363188262497,0
2026-05-20 00:00:00,16.296120277064578,75.09720431008685,0.021027200213139433,101.8868873900973,0
2026-05-20 01:00:00,16.465500314445478,76.20686133969049,0.018934598320676177,100.57923820631895,0
2026-05-20 02:00:00,16.80896103393583,74.31739915140218,0.017660166328579426,98.39578614337286,0
2026-05-20 03:00:00,17.52277217950557,75.71274300652624,0.014255475573436701,101.1989481467965,0
2026-05-20 04:00:00,17.584629257949587,72.49771969343958,0.019944970189898728,101.43673855173351,0
2026-05-20 05:00:00,20.026440406619514,74.39754255507555,0.023544503193339488,101.4042947549617,0
2026-05-20 06:00:00,21.65728548347323,74.87196786045992,0.02332251842909574,102.23578219182215,0
2026-05-20 07:00:00,22.750637001393507,68.67381327800588,0.019085807486827457,99.92894632035095,0
2026-05-20 08:00:00,24.83871428833399,66.83802352653127,0.018795575879276438,101.68021610545046,0
2026-05-20 09:00:00,26.646691543933823,69.18941571908834,0.02093754851215005,102.19250751247797,0
2026-05-20 10:00:00,29.082338323917163,67.4932736323277,0.01800322912162342,99.22141241599348,0
2026-05-20 11:00:00,27.97013277056625,64.17817372924046,0.020603583799638933,101.31965182591898,0
2026-05-20 12:00:00,28.257550390722763,64.15358605323007,0.021532160556769382,100.49582016899232,0
2026-05-20 13:00:00,27.721109041968244,64.8595435487044,0.022453866447768617,100.91847732689835,0
2026-05-20 14:00:00,25.27738120740759,64.68919401200537,0.019799691847040096,101.34767648353834,0
2026-05-20 15:00:00,26.216126811670065,64.78979465769555,0.01959265249964607,100.51277143588645,0
2026-05-20 16:00:00,25.060230209941025,65.54353429854305,0.018244034826486878,100.32429192083839,0
2026-05-20 17:00:00,26.016156383100412,65.25147976331142,0.01834623929192028,101.03415241748803,0
2026-05-20 18:00:00,21.807639035218877,70.08451899705133,0.019547042216196946,99.91275406113719,0
2026-05-20 19:00:00,20.748633071718487,71.46952300769826,0.020734731013632355,99.91417487111481,0
2026-05-20 20:00:00,18.965288230294757,75.52877040139234,0.0218271692524665,101.6793732829565,0
2026-05-20 21:00:00,16.588681275261184,72.33234689831347,0.01839364209863931,99.85120596484134,0
2026-05-20 22:00:00,17.94667039180839,75.21130848350646,0.022985377137919046,101.66631250090921,0
2026-05-20 23:00:00,16.956378074952365,73.60691985158708,0.019457752797914864,101.46259129285396,0
2026-05-21 00:00:00,16.791031947043045,74.06824702306069,0.01995726541130313,99.2741932712094,0
2026-05-21 01:00:00,15.29505758747085,76.71359291435652,0.018505576641704352,100.32243534766434,0
2026-05-21 02:00:00,18.206641888229466,70.78924244629184,0.015151519479454117,102.19410940304738,0
2026-05-21 03:00:00,16.355508250088434,75.28041289229736,0.0217680907927221,100.01883446886032,0
2026-05-21 04:00:00,19.58685709380027,72.2634187413859,0.02147368779418487,100.53559573769061,0
2026-05-21 05:00:00,22.637541355194852,70.47486944386041,0.019437344885763572,101.4620608932519,0
2026-05-21 06:00:00,21.009463674869313,71.3707663479202,0.020133981434449746,101.7833905092826,0
2026-05-21 07:00:00,22.986616541012353,74.12130704701191,0.0210318784354082,100.7484611139555,0
2026-05-21 08:00:00,25.09965136508764,66.24479893942726,0.016874908286226915,100.40248980530836,0
2026-05-21 09:00:00,25.739165033003086,65.94667406359389,0.018941894645307412,102.42236986169851,0
2026-05-21 10:00:00,25.645488991640498,65.83732775383808,0.021588529359243654,102.73889966379758,0
2026-05-21 11:00:00,27.864117932540438,64.19775141564715,0.0174914211536615,101.9788580507818,0
2026-05-21 12:00:00,26.937696286273894,64.77506871636785,0.020587115864333257,101.08531814256503,0
2026-05-21 13:00:00,28.269147388369593,67.36271515151944,0.01728683639075319,100.19173427835908,0
2026-05-21 14:00:00,26.27672818847283,69.41962594520145,0.020932859964867052,100.16955559344343,0
2026-05-21 15:00:00,27.792575092136822,64.22444733879158,0.01992871703540503,101.52251410526576,0
2026-05-21 16:00:00,24.216746707663763,66.56189148766053,0.01676973636818898,101.41839822088869,0
2026-05-21 17:00:00,23.23085275440945,69.95814890924525,0.022329478708914344,102.40159859294643,0
2026-05-21 18:00:00,22.813517217369668,68.24474013754232,0.0185308168464039,101.65045009253613,0
2026-05-21 19:00:00,19.21622141295092,73.4928865051503,0.01837949512597124,99.49691969824018,0
2026-05-21 20:00:00,19.22745993460413,72.6238780940193,0.020401138394461886,102.05194761772292,0
2026-05-21 21:00:00,19.064502067163144,69.31691011627503,0.02229727469885743,100.00193937268558,0
2026-05-21 22:00:00,15.19636434273214,78.53791892847441,0.017968356362043206,100.61602872804765,0
2026-05-21 23:00:00,16.389078900797895,78.08049222555273,0.020123359699695944,101.25020020625169,0
2026-05-22 00:00:00,16.259882794248423,73.36651638363249,0.020857633000661145,102.99566748978397,0
2026-05-22 01:00:00,16.9862679140429,73.23558254889372,0.021386211214526288,104.10991855600535,0
2026-05-22 02:00:00,15.566896866415286,75.71821328831759,0.02035288311055445,101.60672305913619,0
2026-05-22 03:00:00,16.43690269979644,75.11939142013689,0.019265944321833355,100.81680338127961,0
2026-05-22 04:00:00,19.5219415656169,73.29953529285214,0.01834481955870256,101.53450564848055,0
2026-05-22 05:00:00,20.74407040261806,75.02515275543826,0.02017228776609275,101.88765542587383,0
2026-05-22 06:00:00,45.0,90.0,0.1,100.67933237444281,1
2026-05-22 07:00:00,23.899362480112103,66.8839155268334,0.014157299033010787,102.79521135591233,0
2026-05-22 08:00:00,24.31997527842151,65.38538132123374,0.020873119608315335,101.2300707591914,0
2026-05-22 09:00:00,26.474894384280287,64.95822441269193,0.021807869682172392,101.4977430890914,0
2026-05-22 10:00:00,27.489224896005314,65.54236613744816,0.015274135128916323,101.66592425205447,0
2026-05-22 11:00:00,27.081203539708042,69.52415289526914,0.017980538590580124,101.42158661061445,0
2026-05-22 12:00:00,29.865774511144757,62.67215779301185,0.021238308522010398,101.83894050046962,0
2026-05-22 13:00:00,28.2693878786462,65.43206560036083,0.024114990939423396,100.38274681345308,0
2026-05-22 14:00:00,26.004848925503982,66.7632750674513,0.020041587415350816,100.44169824605397,0
2026-05-22 15:00:00,26.899194295753112,68.45743111029368,0.01854399411754173,99.89984576702831,0
2026-05-22 16:00:00,24.025318329772677,73.4336101879291,0.01963420711779032,101.43950123062022,0
2026-05-22 17:00:00,24.33999887435758,67.0662633546733,0.02274975283829637,101.77893650351211,0
2026-05-22 18:00:00,23.158595579007404,68.09424465175762,0.01870807164175093,101.45777286615188,0
2026-05-22 19:00:00,19.626403411033163,73.98719902531163,0.018401615986699493,102.67449243334754,0
2026-05-22 20:00:00,19.96337612924432,72.99308207585716,0.019034512955635935,100.99440398117095,0
2026-05-22 21:00:00,18.170140239817215,76.7573024596183,0.018093342783482576,101.66874165559251,0
2026-05-22 22:00:00,17.625907737287857,74.66713018082164,0.020245340631989593,99.90829912386069,0
2026-05-22 23:00:00,18.10123802491954,72.40042539849026,0.02324935691693912,100.6129002975256,0
2026-05-23 00:00:00,15.75461188399713,76.17762015418691,0.020646158546232057,101.69553775756577,0
2026-05-23 01:00:00,15.4507088779081,77.45684005883933,0.019495292995747426,101.84910211074315,0
2026-05-23 02:00:00,15.914333147667845,76.50949784426045,0.019416377462168913,100.70603305233581,0
2026-05-23 03:00:00,16.94154902791528,75.06130883988237,0.016873618382606686,100.92840074814194,0
2026-05-23 04:00:00,18.922898290585895,74.5950307467096,0.02176621955429432,99.4821262533192,0
2026-05-23 05:00:00,20.788237704201517,73.30800101753013,0.019844325605974395,100.64297079919339,0
2026-05-23 06:00:00,22.27669079933002,72.54296534261104,0.01963904017281875,101.89038316351979,0
2026-05-23 07:00:00,24.38009751965115,69.39334175945835,0.02638621513568972,101.57520501610657,0
2026-05-23 08:00:00,25.013001891877906,67.25536232586397,0.020597505816731372,101.50066572138121,0
2026-05-23 09:00:00,27.696174764276602,65.73648756144536,0.01849641789980963,101.04977368718096,0
2026-05-23 10:00:00,26.931495589468675,68.46782146144177,0.019147284807588913,101.00706315862817,0
2026-05-23 11:00:00,30.51572412432403,61.55354935856631,0.02229689141839351,100.33967886052655,0
2026-05-23 12:00:00,28.625667347765006,65.43681273953379,0.020226540821075528,101.69882842020253,0
2026-05-23 13:00:00,26.938397401318127,65.26260445429078,0.017123444043365268,101.42097294438939,0
2026-05-23 14:00:00,26.12525992464552,66.75728170615322,0.021838457869150407,101.4920188479928,0
2026-05-23 15:00:00,26.72511310236247,68.77681324332463,0.018663711828922014,100.47396515733242,0
2026-05-23 16:00:00,24.77653721467415,68.16096836430049,0.023746595552435093,98.84665708012875,0
2026-05-23 17:00:00,24.266914764707217,68.27934128454653,0.0221600961314293,102.0971527117537,0
2026-05-23 18:00:00,22.473237624573546,66.90169761838132,0.0191053562086825,100.5211625439916,0
2026-05-23 19:00:00,20.374256816728,72.79310167867204,0.022562032723470227,100.13722423595688,0
2026-05-23 20:00:00,18.153206281931595,74.36840333673688,0.020135711021054808,101.693478911914,0
2026-05-23 21:00:00,16.24251208819485,78.93249977605504,0.02170554735024444,100.60798736008087,0
2026-05-23 22:00:00,16.35733262522635,73.89857742991292,0.02096946563458895,102.05993638404662,0
2026-05-23 23:00:00,17.06084383658906,74.38962558605662,0.018307286690018253,101.6170059495767,0
2026-05-24 00:00:00,16.214093744130203,75.12749237211735,0.018712900335365077,101.68356932320047,0
2026-05-24 01:00:00,14.958706263553601,78.78794154868407,0.022059921635162322,99.63404428879947,0
2026-05-24 02:00:00,16.97702850314455,73.82778613271046,0.01933044933578692,102.2119439853864,0
2026-05-24 03:00:00,18.14267669260955,73.64390169745303,0.019192703073516008,101.26125053123386,0
2026-05-24 04:00:00,18.116142563798867,74.32287896839398,0.018089754841301296,100.63072286075379,0
2026-05-24 05:00:00,20.600810835330403,71.49256957804839,0.020847198131186923,101.14338846734225,0
2026-05-24 06:00:00,22.058208718446,69.06056579614214,0.02412504983848629,99.22376476710168,0
2026-05-24 07:00:00,22.409943972784504,70.06022480756901,0.017864934171491455,101.40865281148066,0
2026-05-24 08:00:00,25.357787360348283,69.46103361144091,0.020048438913345516,99.97062849181793,0
2026-05-24 09:00:00,26.803425213487518,64.10422923038787,0.02282444111083086,99.64732971415647,0
2026-05-24 10:00:00,28.27920366588191,65.24257641558823,0.01984071721750857,99.4776408137821,0
2026-05-24 11:00:00,28.849357009769314,63.12027276230621,0.02090474359249947,102.11268837498993,0
2026-05-24 12:00:00,26.62233063204291,68.69222875221536,0.01787521294370624,100.3707366063072,0
2026-05-24 13:00:00,26.857729917819288,63.067442256177024,0.0208566141944153,102.5337277099165,0
2026-05-24 14:00:00,27.711187689915292,64.31320615352459,0.019625711469990904,100.4641985369477,0
2026-05-24 15:00:00,26.756426638031492,66.94928243970384,0.021971459991359726,99.29264204240705,0
2026-05-24 16:00:00,25.515047686306048,70.31900990942384,0.022374772103129503,99.88347556005134,0
2026-05-24 17:00:00,27.40564576126985,65.54398286883816,0.025179127284037227,102.23581162000694,0
2026-05-24 18:00:00,22.570890510693168,68.43288853805906,0.02115926634642715,100.84410182206334,0
2026-05-24 19:00:00,21.582651369565472,74.09619304322881,0.020651592633164333,100.4517127035094,0
2026-05-24 20:00:00,19.954001763493203,68.74077078837296,0.020388768603154674,101.16001822585278,0
2026-05-24 21:00:00,18.408750564186516,68.47538763541061,0.019293667414378622,101.50178273616754,0
2026-05-24 22:00:00,16.488578332653024,75.28916623398425,0.020676967686923384,102.11739881590246,0
2026-05-24 23:00:00,16.963414262758857,73.0251601410877,0.019409197179721942,102.44849922989293,0
2026-05-25 00:00:00,15.227174785462427,73.37579453736862,0.02033692195253923,100.64023135421091,0
2026-05-25 01:00:00,15.967626435525581,76.24261174617824,0.02263519507121592,99.67395231391797,0
2026-05-25 02:00:00,16.318484029464265,75.03281420397099,0.017986914869440717,100.58653483887673,0
2026-05-25 03:00:00,17.839233452267038,72.2004559767129,0.02227975712225809,101.26028050658289,0
2026-05-25 04:00:00,21.314658566673508,67.9876643493194,0.02263423013467973,100.03624107378938,0
2026-05-25 05:00:00,18.579820536793125,74.48105822712579,0.019763862946017844,100.04284908510496,0
2026-05-25 06:00:00,22.686260190374515,70.75139420361772,0.01575629020198281,101.34378788154989,0
2026-05-25 07:00:00,21.940198399425476,69.84948955290086,0.018784356025811137,100.95134764842955,0
2026-05-25 08:00:00,24.528068134210567,71.67081948472688,0.02259398909312222,101.03279699541159,0
2026-05-25 09:00:00,27.33159128408665,63.594557440078376,0.019954263875402237,100.24150466529993,0
2026-05-25 10:00:00,27.260432441802095,62.740603704708846,0.018001395535410178,100.76959928579423,0
2026-05-25 11:00:00,26.717810179805102,64.84193571639344,0.018990450157543564,100.0757668557317,0
2026-05-25 12:00:00,27.284696290740033,65.68107093469698,0.021681240053009105,101.89019841112479,0
2026-05-25 13:00:00,28.475152706669085,65.30655673331012,0.02109346713640276,102.03524933472376,0
2026-05-25 14:00:00,26.465785790989496,65.94489925149576,0.019522135801660612,99.1538121377619,0
2026-05-25 15:00:00,26.45909927670126,67.13683137166758,0.019266351176370624,100.07048913980759,0
2026-05-25 16:00:00,25.045571839903815,65.06046367969606,0.019216483701912358,99.50347074490992,0
2026-05-25 17:00:00,22.901313923009308,72.16647806973907,0.018155179631002997,100.3499760655931,0
2026-05-25 18:00:00,24.143944089325327,68.1205423717546,0.023230751378938885,100.91656203020963,0
2026-05-25 19:00:00,21.081004751702885,72.96978786181396,0.019355359061577322,99.55035478030148,0
2026-05-25 20:00:00,16.97485741334239,74.7055647620815,0.022434317041650994,100.07814018687469,0
2026-05-25 21:00:00,17.943813627650144,74.15845553618745,0.023042632103844902,99.9960426279185,0
2026-05-25 22:00:00,16.14206111252498,75.82588567044442,0.021996621796295922,101.20726732939895,0
2026-05-25 23:00:00,17.056878377061814,74.84991441838518,0.019136759374563904,101.06934433703626,0
2026-05-26 00:00:00,15.207479261567299,76.71946211048125,0.02080746018067322,100.27826244666275,0
2026-05-26 01:00:00,16.08970860079869,77.38653817962592,0.01995160878721817,101.1768208721394,0
2026-05-26 02:00:00,17.308834856273826,74.14597445438388,0.018192596278539745,100.45331991541273,0
2026-05-26 03:00:00,18.623114507050836,74.11951590953636,0.020648718563443205,100.72834488967395,0
2026-05-26 04:00:00,17.799703592944223,73.18076573707016,0.017641920417680396,102.67345209029854,0
2026-05-26 05:00:00,20.112584493543924,74.39016683606381,0.022375358776923128,102.34046105179034,0
2026-05-26 06:00:00,21.525054688839045,69.02717164481022,0.019070765405403214,99.7004187630724,0
2026-05-26 07:00:00,22.899585038041415,72.8822128353885,0.02040231931174568,101.82973241787917,0
2026-05-26 08:00:00,26.765454240281098,66.10732070648643,0.020566575743092286,101.8113965544916,0
2026-05-26 09:00:00,26.64762239808024,63.42035187729971,0.019482190052591844,99.85173671124738,0
2026-05-26 10:00:00,25.935268468371586,67.10799405512431,0.02117338760295055,101.81877764375486,0
2026-05-26 11:00:00,28.713416904789185,63.26716316121889,0.019050192686754952,102.53793191841255,0
2026-05-26 12:00:00,30.122156197012632,65.18356214036734,0.02174259459491449,99.87745519375558,0
2026-05-26 13:00:00,28.828020218285555,63.232335866766775,0.017308040639506504,100.08249717898573,0
2026-05-26 14:00:00,25.67678245675262,66.16620716816836,0.020252759159092824,102.0176614668435,0
2026-05-26 15:00:00,25.758406614253033,63.21419324670651,0.02387785799811657,101.27149531082564,0
2026-05-26 16:00:00,26.266911149186623,65.68185844215255,0.01799933735078885,101.55147627523952,0
2026-05-26 17:00:00,22.845244804996344,64.47604550274501,0.0186445100589503,101.3405892164005,0
2026-05-26 18:00:00,22.443819428146227,66.47713881051158,0.02102781569931783,101.39069592092814,0
2026-05-26 19:00:00,21.221719782814212,72.14345348603723,0.020359163563879196,99.67352787168892,0
2026-05-26 20:00:00,18.073069528421918,74.71314469456412,0.02070126019854712,102.04731770662144,0
2026-05-26 21:00:00,17.697833956818915,74.2926479581148,0.020978374260295328,102.16958999242777,0
2026-05-26 22:00:00,13.562580237224296,74.81598352396213,0.02126944293712354,100.77060925593197,0
2026-05-26 23:00:00,15.1800574009313,75.360531366971,0.02221939968391245,100.95652305018614,0
2026-05-27 00:00:00,15.74743184860684,74.9948494429334,0.020819637313857026,99.46889249744427,0
2026-05-27 01:00:00,14.956661860300741,73.31794113337432,0.019517484690762914,101.51425475601783,0
2026-05-27 02:00:00,18.436258881225005,75.8577894985543,0.02134514740240546,101.57205744171415,0
2026-05-27 03:00:00,16.327217934920082,76.29295023321527,0.023799763869790432,100.93780898300069,0
2026-05-27 04:00:00,18.559955513303017,72.31010724169826,0.019734732507234853,102.1243533598705,0
2026-05-27 05:00:00,20.577826306670964,71.1915106326523,0.018050941390658718,100.66592276902006,0
2026-05-27 06:00:00,23.441273289066114,69.26374698464221,0.022214161338573946,101.5646059258936,0
2026-05-27 07:00:00,22.117052119435687,65.82288856760286,0.019759237672092804,99.98033566130789,0
2026-05-27 08:00:00,26.163163752154958,66.17511423323484,0.015654660907971928,100.97644784912576,0
2026-05-27 09:00:00,26.25287374813887,65.23373250549331,0.021694843354300844,100.82564574209717,0
2026-05-27 10:00:00,26.214643771658682,64.62504496288322,0.018929343628092156,101.22530792204094,0
2026-05-27 11:00:00,28.25765843199768,64.43167266862996,0.019818933435391678,100.63047307116665,0
2026-05-27 12:00:00,28.19905969557347,68.63612529724027,0.02066396066113803,100.86852740432833,0
2026-05-27 13:00:00,27.195338080575617,67.12541525807353,0.020380999359558134,101.8260471714415,0
2026-05-27 14:00:00,27.26595450769665,64.64487841427709,0.02141890363427808,100.56323576276178,0
2026-05-27 15:00:00,25.857327090257524,68.0593038905063,0.019129027258860315,99.39342289926132,0
2026-05-27 16:00:00,25.11351734525125,70.307896996971,0.021026211596352165,102.74958390420542,0
2026-05-27 17:00:00,24.215044945136174,70.0772314097166,0.019480906644832166,102.38145407869048,0
2026-05-27 18:00:00,23.586016816145353,68.85044728692407,0.021477620961775006,99.70773730489438,0
2026-05-27 19:00:00,19.209270230558026,70.93871026014243,0.02123073496802611,101.68970780524519,0
2026-05-27 20:00:00,21.133033374656268,72.09001992750217,0.01812912259591081,100.49702522944865,0
2026-05-27 21:00:00,15.805271513358214,75.74275356015693,0.022171964232350065,101.26348721533105,0
2026-05-27 22:00:00,16.652062482257783,76.06873645424925,0.018928073109771903,101.2942241290135,0
2026-05-27 23:00:00,16.792762248750165,75.4361338043638,0.02161611559656229,100.76559219968368,0
2026-05-28 00:00:00,16.280991867735032,76.67431193645065,0.02073457462680268,100.2162343344136,0
2026-05-28 01:00:00,15.581745522444995,74.06413315892287,0.023676367353590244,100.30945894768374,0
2026-05-28 02:00:00,16.595725326936094,76.95820786971977,0.019553068035256298,100.08380808451875,0
2026-05-28 03:00:00,17.264358378221882,74.1837125068073,0.019301366407763604,100.16817779176955,0
2026-05-28 04:00:00,18.41063524305579,77.0220135508059,0.019961160788224536,100.93282170995064,0
2026-05-28 05:00:00,21.296687826405897,69.18427410269615,0.01939364043433145,100.28424001088925,0
2026-05-28 06:00:00,22.357015485965047,73.18631521755846,0.021599883803884102,101.68205206571263,0
2026-05-28 07:00:00,22.86000467535447,69.70781782664172,0.016767378783126823,102.48724615533592,0
2026-05-28 08:00:00,25.89959987543325,65.57748409242451,0.01789263516170729,100.41994675862996,0
2026-05-28 09:00:00,26.549940207995892,65.39227616549465,0.017864394156841615,101.23940450053537,0
2026-05-28 10:00:00,28.009014541545593,64.55209375037488,0.02190061518394715,101.49968511030293,0
2026-05-28 11:00:00,28.425183799658022,65.70818485307741,0.02342122674516385,101.47200227091928,0
2026-05-28 12:00:00,45.0,90.0,0.1,101.07595526791609,1
2026-05-28 13:00:00,27.23537391753744,64.6643008580929,0.01966235655361998,101.74268241835972,0
2026-05-28 14:00:00,27.943446027829893,65.19653399321412,0.020140104326226364,101.48224895268066,0
2026-05-28 15:00:00,26.853010952552747,70.40213195518152,0.02232375660521638,99.7623375776727,0
2026-05-28 16:00:00,24.979098406035853,71.07180761537273,0.018145293731618852,101.86915606438927,0
2026-05-28 17:00:00,23.67024165392391,69.53645401620894,0.02047673796546957,101.88729083726675,0
2026-05-28 18:00:00,23.277664895788426,69.05387503970566,0.02195039525956486,100.23671389582142,0
2026-05-28 19:00:00,19.855514340549043,71.9556511809973,0.021002188339879692,101.03793783544761,0
2026-05-28 20:00:00,19.547097381170037,73.1893580405248,0.020379163233197488,101.68332899281107,0
2026-05-28 21:00:00,17.555166660446822,71.51028154124573,0.022002092185134284,100.79068618042064,0
2026-05-28 22:00:00,16.58616637406615,73.81631382590038,0.014593535414001525,102.07297804776601,0
2026-05-28 23:00:00,17.30322189425278,70.4202543368426,0.021355750639061817,103.36387249461936,0
2026-05-29 00:00:00,16.82541634898803,74.93811316602013,0.018691848633745154,100.21401396736502,0
2026-05-29 01:00:00,17.01795467826623,75.2800281367925,0.016338734206287085,99.61895539684623,0
2026-05-29 02:00:00,18.109326384447698,72.1461659678431,0.02102240519904996,101.30381859560488,0
2026-05-29 03:00:00,17.778363154513475,76.52528300296927,0.022747317090325916,101.72156250512614,0
2026-05-29 04:00:00,19.681952971294965,69.40290629695934,0.019725102970744618,100.76913362615524,0
2026-05-29 05:00:00,20.136818972791417,68.56179506134723,0.021905749094405878,102.45326066332103,0
2026-05-29 06:00:00,22.324166352488444,70.18957055512918,0.023224556515977293,99.66139420027675,0
2026-05-29 07:00:00,23.42277121624744,70.95597963222636,0.022629828907168095,101.69291862303162,0
2026-05-29 08:00:00,25.09699596499272,70.89025861092156,0.023279929058742786,100.39413917924111,0
2026-05-29 09:00:00,26.8377977125562,65.21199330421716,0.021484254982143784,102.7193779062073,0
2026-05-29 10:00:00,26.37793173947316,68.65501627528405,0.020150867277803186,102.99251535316812,0
2026-05-29 11:00:00,29.88794223341987,63.61262927426269,0.016796068376205665,100.23334341221666,0
2026-05-29 12:00:00,26.993982618500297,65.65955930531813,0.019507875023740105,100.45044286409141,0
2026-05-29 13:00:00,26.581366344946677,68.102226799016,0.01831350680936762,101.8595878869798,0
2026-05-29 14:00:00,28.3542632962067,66.22123511986149,0.024341885434995627,100.61286935021049,0
2026-05-29 15:00:00,27.03430338108222,62.81977298116573,0.019648228375135326,100.95458878206776,0
2026-05-29 16:00:00,25.624119817052154,70.05378484581007,0.020246409613568973,101.02538842054241,0
2026-05-29 17:00:00,24.181259779879404,71.01517488439139,0.021102970752080934,99.08032684380234,0
2026-05-29 18:00:00,21.987753227153085,68.75867201525847,0.020087204892744907,100.98616225390576,0
2026-05-29 19:00:00,19.54983135789904,72.75174198055558,0.023390102080861508,100.31027222593583,0
2026-05-29 20:00:00,19.075804558193727,73.32741672601048,0.018754701276531095,100.50687717760023,0
2026-05-29 21:00:00,17.080197601368603,74.45718945055293,0.020389214910474487,102.44363200346882,0
2026-05-29 22:00:00,17.77896731071112,72.27621584374026,0.018515058828603905,99.74349310572075,0
2026-05-29 23:00:00,16.05738766076345,73.41084313551313,0.01735995497755859,101.81320518674798,0
2026-05-30 00:00:00,15.174502803207488,75.40928961545112,0.01877646181818943,100.72103706966818,0
2026-05-30 01:00:00,15.883059200612596,77.23901067802865,0.019925926405903176,100.72023983150416,0
2026-05-30 02:00:00,17.216779031568993,74.91377708393367,0.01914139555096548,101.79037189605171,0
2026-05-30 03:00:00,17.19363476007674,73.10386352776639,0.018615158040252287,101.3400512945689,0
2026-05-30 04:00:00,18.177779604433567,74.60117373774983,0.017187365072656332,101.57061299721953,0
2026-05-30 05:00:00,20.690772940876787,65.35029640603841,0.01983378885474261,101.96818466053286,0
2026-05-30 06:00:00,22.244966571108723,72.10155814385723,0.016990559251937997,100.66869161681667,0
2026-05-30 07:00:00,23.045971095243996,65.6837955662486,0.021520111927379206,100.38776326549225,0
2026-05-30 08:00:00,24.528961694381678,67.2519487616884,0.020164879505869007,99.9148494734422,0
2026-05-30 09:00:00,26.47469062447692,64.18090771116618,0.01708489700107014,100.17458947002105,0
2026-05-30 10:00:00,25.748068081209308,64.41218258359073,0.019381581845900272,103.94909442530873,0
2026-05-30 11:00:00,26.388091183357854,68.81118062807076,0.018495687188818832,102.24467958073679,0
2026-05-30 12:00:00,27.281555778747563,64.83935297437817,0.020638349020838363,99.64892563379198,0
2026-05-30 13:00:00,27.582107806022563,66.2273215186434,0.022680900892046288,99.67754204325642,0
2026-05-30 14:00:00,27.507059988304636,65.50051085159792,0.01624965506070851,101.48186606171849,0
2026-05-30 15:00:00,27.717996904068837,66.37968413119117,0.020230052158294834,101.54726479737796,0
2026-05-30 16:00:00,25.857659623202018,67.0675160835589,0.01967973440886672,101.54888383531737,0
2026-05-30 17:00:00,23.3929757406517,66.3196349591015,0.02134268015290093,100.74504420644631,0
2026-05-30 18:00:00,21.980983792097312,72.00774660521644,0.02042639325647538,100.8745457399971,0
2026-05-30 19:00:00,19.444556364747065,71.05684174187972,0.018496061336522363,101.32787952415936,0
2026-05-30 20:00:00,18.98148686400761,69.3016467114744,0.019361892128666763,101.08589300629333,0
2026-05-30 21:00:00,17.468700673960576,72.76880913889973,0.01840794828639302,98.78069962725246,0
2026-05-30 22:00:00,17.126566137631457,76.90026667116346,0.022152014277197197,100.7702003694248,0
2026-05-30 23:00:00,15.377214098713267,76.99867220525637,0.020042623297343885,100.14859356573969,0
2026-05-31 00:00:00,16.51934651424117,73.68721851979134,0.023802381371506014,101.17521141890852,0
2026-05-31 01:00:00,17.73718395526817,72.71173742714862,0.01987867837237076,103.98525900260341,0
2026-05-31 02:00:00,16.695087428836512,73.60065995449602,0.018583186466179076,101.3674816654743,0
2026-05-31 03:00:00,18.159071034979657,77.22623913913796,0.016972571214774346,100.6864703138276,0
2026-05-31 04:00:00,19.690143991711114,72.61175571109422,0.01639372064748811,101.92180150197726,0
2026-05-31 05:00:00,20.045865257499038,72.4233910883829,0.01683172811398902,101.48268788720921,0
2026-05-31 06:00:00,22.224092481810416,71.88129292261536,0.020534253302022968,101.42009449045185,0
2026-05-31 07:00:00,23.56550667139692,69.2251729809355,0.021017450046459867,101.60685059321567,0
2026-05-31 08:00:00,25.09767609854883,67.00377482951953,0.016837618595935733,103.05654356482954,0
2026-05-31 09:00:00,25.469630903263816,66.83159557921898,0.02179007662815223,99.86911156467409,0
2026-05-31 10:00:00,27.220662596965575,65.6802674035994,0.019033877896633123,101.47363207681146,0
2026-05-31 11:00:00,28.29355324897986,64.89071292779643,0.0202935860239711,100.07361887001846,0
2026-05-31 12:00:00,29.451143607795043,65.49434420103792,0.02322444125651085,101.55551264634225,0
2026-05-31 13:00:00,28.754825783819616,64.7000311445589,0.021793678631731064,100.0813134885139,0
2026-05-31 14:00:00,29.349334880218187,65.58581225025661,0.019462938704188335,100.58263318639492,0
2026-05-31 15:00:00,25.475293124231236,67.05833234039784,0.018217615549169425,100.7049100857621,0
2026-05-31 16:00:00,25.87232063672068,67.05941387125564,0.01569636919734139,101.9758167193447,0
2026-05-31 17:00:00,23.73625627635348,64.614593609853,0.01856169336151516,101.91845444394241,0
2026-05-31 18:00:00,24.18980293321767,70.08081300283082,0.019577739522344612,99.75428262355362,0
2026-05-31 19:00:00,19.638787444029724,72.5819469965722,0.018025640945697634,101.05493411099985,0
2026-05-31 20:00:00,18.160278157819224,75.06779769346392,0.01973748606581539,100.29042014525082,0
2026-05-31 21:00:00,17.157966667436693,68.08111590966327,0.020153703765917536,99.74149508932467,0
2026-05-31 22:00:00,14.67995185298356,80.03278792717461,0.019550288036383843,100.78298294957563,0
2026-05-31 23:00:00,15.67869002058483,74.77786872722179,0.018699994838353082,100.69151721154418,0
2026-06-01 00:00:00,15.240867338446302,77.62367176271799,0.020337309343933456,103.42671648634553,0
2026-06-01 01:00:00,16.354838828741798,72.4363170827555,0.020883881299138818,101.4329598253607,0
2026-06-01 02:00:00,17.145603553070526,75.10906496766871,0.017819201845114308,99.62238249924576,0
2026-06-01 03:00:00,19.633530152096604,69.7863447519754,0.022821864759492543,100.43522599582906,0
2026-06-01 04:00:00,19.95042383818605,70.39212300805954,0.019802823735431477,102.0213832954294,0
2026-06-01 05:00:00,19.87018207372247,75.53191704875559,0.020037699245889697,103.08844277286993,0
2026-06-01 06:00:00,21.10158532865164,70.337366935552,0.021416428846513114,99.41401668776204,0
2026-06-01 07:00:00,24.044833442121632,68.79899899266215,0.020466432262527003,99.12007561486095,0
2026-06-01 08:00:00,23.679766792979358,70.39632202699401,0.02190627326782649,102.87096517537178,0
2026-06-01 09:00:00,28.074099452973638,66.13208421356629,0.02057424833040365,101.3896141773709,0
2026-06-01 10:00:00,28.37559254342792,65.20036377554482,0.018775125250719126,100.13170726812363,0
2026-06-01 11:00:00,27.326379305629704,66.46881856042869,0.020723007050412204,101.53462908612244,0
2026-06-01 12:00:00,26.286865470909124,71.37733879374926,0.017712547585358677,98.36425226098312,0
2026-06-01 13:00:00,29.149427331899822,64.16522054041297,0.020217119411553047,101.00337550659717,0
2026-06-01 14:00:00,27.081612577454013,66.33690803146672,0.019933540018711077,101.32782117284309,0
2026-06-01 15:00:00,27.480456999092745,67.71694319274103,0.019583766285454923,101.92427013953782,0
2026-06-01 16:00:00,23.405572341205634,71.08659399295145,0.01974292497712214,99.98610404770746,0
2026-06-01 17:00:00,22.953539247661354,71.61122921299167,0.01623630190900472,101.08568716140336,0
2026-06-01 18:00:00,22.005243699718182,71.27326548428381,0.01890255018451808,100.07457537394042,0
2026-06-01 19:00:00,20.494066323149617,68.91873711601934,0.02018568980228223,101.25538375567432,0
2026-06-01 20:00:00,18.549934528520755,76.02691544178559,0.0203197127839948,100.10465367763697,0
2026-06-01 21:00:00,18.380209245228215,70.60314181778006,0.017944649718148083,100.59189916083977,0
2026-06-01 22:00:00,15.736227147910773,75.61628921214945,0.0225314156817294,100.00418460520977,0
2026-06-01 23:00:00,16.062065557244296,73.24179585416584,0.018267650303570998,101.65113624182365,0
2026-06-02 00:00:00,16.120295631711897,74.5754868014445,0.021938914401053475,101.85845111665667,0
2026-06-02 01:00:00,16.718883876324337,74.88241771954749,0.02085438872374337,100.76537943004259,0
2026-06-02 02:00:00,17.51546245538226,74.23034446659473,0.018707545380312395,101.03823799496003,0
2026-06-02 03:00:00,16.632717221042846,75.1376677316363,0.023550621785219026,99.55140858536646,0
2026-06-02 04:00:00,17.465885829264376,76.8547138747058,0.017612726336487042,100.70032335199322,0
2026-06-02 05:00:00,21.724762551283384,71.12725856200126,0.021838308347220003,100.94979538295826,0
2026-06-02 06:00:00,22.33231401197959,69.24583551983503,0.02200116463608596,103.62079309102998,0
2026-06-02 07:00:00,22.80442773405857,71.28463214932987,0.01865875958184671,99.88803297422584,0
2026-06-02 08:00:00,26.551151975522522,68.73801939743126,0.022784930600128657,102.46417723875244,0
2026-06-02 09:00:00,26.358315321412142,64.0581321125963,0.019499906970802096,101.9968587734658,0
2026-06-02 10:00:00,28.37544960677046,66.09444045428336,0.020577387258559714,101.28063640449014,0
2026-06-02 11:00:00,27.863073439144518,66.71188673330617,0.02052064367754244,102.75862048419513,0
2026-06-02 12:00:00,30.060747924881987,62.95627465337443,0.019731382517058905,101.37210547260686,0
2026-06-02 13:00:00,29.550895800177614,66.71069698648114,0.021621616546319566,101.38915919566793,0
2026-06-02 14:00:00,26.947188274227557,65.74213820655291,0.021586977441104428,100.94687934698246,0
2026-06-02 15:00:00,27.21421163807364,66.07978359648418,0.01650293605352364,102.22356888241863,0
2026-06-02 16:00:00,25.645375949585148,66.73755559176415,0.022608680485756306,102.09646923381088,0
2026-06-02 17:00:00,24.921545828147476,67.69392143264496,0.01667501602392865,100.37432271250378,0
2026-06-02 18:00:00,21.035076539419897,68.57938859467367,0.022065092408683314,99.68075280540123,0
2026-06-02 19:00:00,21.133137189383312,67.81338848330476,0.022253410273655166,100.79701936260435,0
2026-06-02 20:00:00,20.05842448684959,74.74227053697027,0.017818067139569606,100.19996143560235,0
2026-06-02 21:00:00,15.998619826457602,73.10718144219726,0.01917837142409083,100.93647542538464,0
2026-06-02 22:00:00,15.620589064627593,73.12074404938531,0.01778859066302813,102.23743813468414,0
2026-06-02 23:00:00,14.16521286450549,71.96104948118818,0.01957015793942253,100.5426983449132,0
2026-06-03 00:00:00,15.730593165555442,73.73760197217665,0.019383931431628518,100.95717661868842,0
2026-06-03 01:00:00,16.921987298061552,71.41623057473576,0.02155932106453868,101.05802273480839,0
2026-06-03 02:00:00,18.306204629389395,76.23906661676122,0.022620617492239217,101.84843088220528,0
2026-06-03 03:00:00,17.83145409330049,75.35447090404487,0.022791367621579912,98.75311066601539,0
2026-06-03 04:00:00,20.628615545571293,69.72080687318751,0.018875663946843396,100.3932997052347,0
2026-06-03 05:00:00,19.066984271169982,76.85128419375263,0.019581556252510946,101.21128369227947,0
2026-06-03 06:00:00,20.296617560644844,73.32623692546731,0.0166331236155581,102.20007895642686,0
2026-06-03 07:00:00,23.49736657171851,68.15244397560795,0.018388259867007622,100.5080975524938,0
2026-06-03 08:00:00,25.384065448939307,62.29393621110141,0.021929703266194915,99.12344729395812,0
2026-06-03 09:00:00,26.20994593902519,71.21392839396134,0.023231165647096465,101.61971144596613,0
2026-06-03 10:00:00,25.128710322666755,64.7178868083394,0.017531302256240156,100.36463761117437,0
2026-06-03 11:00:00,27.70643491822162,62.14405457150892,0.01881507148169421,99.81033334090964,0
2026-06-03 12:00:00,26.695530499495145,68.28871646442316,0.019947188486082148,100.37565461028677,0
2026-06-03 13:00:00,28.46522750656445,69.70732280742699,0.020560322317639212,100.81547464234416,0
2026-06-03 14:00:00,27.56275066880348,68.31834510197825,0.018380792960156708,100.39525533546178,0
2026-06-03 15:00:00,25.302760900791927,68.48560951947117,0.02084812208892818,98.79443394290094,0
2026-06-03 16:00:00,24.486133082663308,69.20060221719993,0.01905232130585817,101.89706619688714,0
2026-06-03 17:00:00,22.493700748726173,71.31187051857967,0.01997109545824344,102.27487504127872,0
2026-06-03 18:00:00,45.0,90.0,0.1,101.65152199133951,1
2026-06-03 19:00:00,21.402228049886112,71.04060040802986,0.020012844539621877,99.86231432957518,0
2026-06-03 20:00:00,18.014273953664457,73.39698304497217,0.019127228218946864,100.79850846605248,0
2026-06-03 21:00:00,18.261405828398562,72.8656890814821,0.01978078039214834,100.99347868477054,0
2026-06-03 22:00:00,16.273589958920926,73.0731988551299,0.01982327408158933,101.59879438956192,0
2026-06-03 23:00:00,15.411572210003246,74.70939207826386,0.019259977940235744,101.66834048871809,0
2026-06-04 00:00:00,15.892969640045441,71.49971065957288,0.019482407874665795,100.2658262012215,0
2026-06-04 01:00:00,15.169202719846215,75.26795857053354,0.023197294341009436,101.08199555641356,0
2026-06-04 02:00:00,16.250198271946186,72.62265916814121,0.021121838895882476,101.45728040461525,0
2026-06-04 03:00:00,16.559481420291867,72.14523622933497,0.01940903936394168,102.45582232214677,0
2026-06-04 04:00:00,20.96472513291639,71.18800819597384,0.02139390880902147,101.70450653982472,0
2026-06-04 05:00:00,20.4823492813566,73.99812514760391,0.019332361020487982,101.78905668737552,0
2026-06-04 06:00:00,21.300274492007414,72.3964136183987,0.022346249275173282,101.08382662792935,0
2026-06-04 07:00:00,23.766894181349347,65.44548344767418,0.02073928438439619,102.4104591452035,0
2026-06-04 08:00:00,24.88767195030917,65.71060616661198,0.019785395711991543,101.4097627959595,0
2026-06-04 09:00:00,26.02167108758606,68.66420550590759,0.020895433851620557,100.13891208982643,0
2026-06-04 10:00:00,27.81031912275006,63.38676991472334,0.016858247695863002,102.4033699701252,0
2026-06-04 11:00:00,28.553062667781717,64.30828356578057,0.01774646506218039,101.69790327253902,0
2026-06-04 12:00:00,27.46949885238947,66.72450511613754,0.01761214998720189,100.55695597887151,0
2026-06-04 13:00:00,27.21973671708973,63.887521716600936,0.020285886189527414,100.52050703260076,0
2026-06-04 14:00:00,26.92110072555499,66.27387043184793,0.023465029998970183,101.29657554514077,0
2026-06-04 15:00:00,23.9407195223837,65.77937339225664,0.024462600292385266,101.46318479526758,0
2026-06-04 16:00:00,23.484808937801446,67.60941756185642,0.021276102202881515,101.1972922656312,0
2026-06-04 17:00:00,24.919788538059652,68.30373303783736,0.021001688949888915,101.31130867344288,0
2026-06-04 18:00:00,23.644967713501284,65.49803836213563,0.016397884531694523,102.69995737457639,0
2026-06-04 19:00:00,20.198049689828494,72.32250972405801,0.018914652400531955,102.07154315223488,0
2026-06-04 20:00:00,19.576556963055765,71.89947883170203,0.018424432496183522,101.19063559126502,0
2026-06-04 21:00:00,18.068609467424253,74.25009233489489,0.01875830480349777,101.94131058076748,0
2026-06-04 22:00:00,19.882728385748607,72.14164555953045,0.019663712362830422,99.96747609647247,0
2026-06-04 23:00:00,17.324019953700166,76.46906489698756,0.019055818844605745,101.39792704994682,0
2026-06-05 00:00:00,15.872082408519233,75.15278307848044,0.016041400379248425,102.8093063497331,0
2026-06-05 01:00:00,15.248904601665163,74.54206523641736,0.02149582051223507,100.78195410460762,0
2026-06-05 02:00:00,15.197401257035796,75.68667400043593,0.017854513948520386,100.15236607138091,0
2026-06-05 03:00:00,17.96082294874794,74.31793769907442,0.0204784937282223,100.34791111140694,0
2026-06-05 04:00:00,18.243649254715695,73.10280073687885,0.024148165339499948,99.9103669626576,0
2026-06-05 05:00:00,19.0248320197872,72.46131776657799,0.018161230816827155,100.2152380918723,0
2026-06-05 06:00:00,21.353427115757473,69.11327493178051,0.014939424954507341,100.62949190140998,0
2026-06-05 07:00:00,22.471366267000732,68.29710515129752,0.01942799155623978,99.59443298082135,0
2026-06-05 08:00:00,26.687141635072564,63.445076148342565,0.022201919269997143,101.0156183339496,0
2026-06-05 09:00:00,27.124280444068734,69.3997291311189,0.02391669490844119,101.90227717378664,0
2026-06-05 10:00:00,27.188179781390016,63.36172970410542,0.01754090081109517,100.09224381985308,0
2026-06-05 11:00:00,29.275499096624436,62.79379032710864,0.020993398446473042,102.51928392364177,0
2026-06-05 12:00:00,28.077368307647617,63.701290822743516,0.019069379086439894,101.5107920885276,0
2026-06-05 13:00:00,26.934270756406146,67.84243214876396,0.019788103291391728,102.03058058562405,0
2026-06-05 14:00:00,28.71927649997629,64.03467944343491,0.02528868669403407,100.34216544614786,0
2026-06-05 15:00:00,26.781550730803943,68.67024356070431,0.016994059343209696,101.85452522706662,0
2026-06-05 16:00:00,23.962753845673543,67.08281567497343,0.020507479322989148,99.90806609960468,0
2026-06-05 17:00:00,23.362575592531517,69.4679278504224,0.020935386343530867,101.89024750083651,0
2026-06-05 18:00:00,21.124381746615242,69.02980049618829,0.022171572649878693,101.17183933979354,0
2026-06-05 19:00:00,19.064285998420537,76.63886945681034,0.02019596630694179,101.55325121998479,0
2026-06-05 20:00:00,19.92617754753164,69.28386112391566,0.020616101079008204,99.82440539437515,0
2026-06-05 21:00:00,19.666775953350847,72.48622065777339,0.019216702865156417,100.1049301577234,0
2026-06-05 22:00:00,15.405280003474227,76.54332975908481,0.020538253882490216,101.59722821825339,0
2026-06-05 23:00:00,16.76741427895616,75.01366677173806,0.01931361544900518,100.0516519957758,0
2026-06-06 00:00:00,15.349357430878174,74.94993873754206,0.021243143779712103,101.46320629209912,0
2026-06-06 01:00:00,15.717319658500895,74.76650287373242,0.019260779327912734,99.63286219353975,0
2026-06-06 02:00:00,16.211453653054498,74.71846002151463,0.020754200787804374,101.84817421266666,0
2026-06-06 03:00:00,16.8933685432009,73.79130116218231,0.019941474372630042,99.76747668523149,0
2026-06-06 04:00:00,19.048521627944826,74.28894093123395,0.022252100501544338,101.55229993767952,0
2026-06-06 05:00:00,19.616135612973835,76.32813751280364,0.019897212552823028,101.62563093364601,0
2026-06-06 06:00:00,22.27045682577984,68.66865096936046,0.016453935063586236,100.30322818157042,0
2026-06-06 07:00:00,23.50267616116599,66.05825311190905,0.022523843001427984,101.58202656708472,0
2026-06-06 08:00:00,24.76105195313359,67.61459434079062,0.018188535398274763,101.26044226333356,0
2026-06-06 09:00:00,25.335077025077688,72.4913570552465,0.018692467322702362,100.46115814380727,0
2026-06-06 10:00:00,26.619381092138298,64.69714599034991,0.018808677411913017,99.9914453159238,0
2026-06-06 11:00:00,28.550946183560168,68.03747666404,0.022748876186341634,99.03737430832741,0
2026-06-06 12:00:00,28.50091718762438,68.15466787805337,0.01572865157204261,101.34965004729969,0
2026-06-06 13:00:00,26.81799971293586,65.03842374623532,0.026275497067319988,99.43519722863795,0
2026-06-06 14:00:00,27.295484728135857,66.90157837586186,0.022112113618132104,101.09534419944131,0
2026-06-06 15:00:00,26.994027810491072,69.26157099786421,0.02044647782825832,100.73655178391775,0
2026-06-06 16:00:00,23.33059471887863,68.17726874292212,0.019890211998767428,101.6791427754382,0
2026-06-06 17:00:00,24.096274462995062,67.91581970939922,0.020571108149715314,100.69795450051014,0
2026-06-06 18:00:00,21.33737624105415,69.36673717925939,0.021042244856758676,100.67055221365291,0
2026-06-06 19:00:00,21.017684397978034,68.75633902023183,0.021290431171900114,101.7318707042883,0
2026-06-06 20:00:00,18.236740843457483,71.712052235102,0.021111208932006898,101.33505802908412,0
2026-06-06 21:00:00,15.952477212216197,72.39013769670254,0.0201791613625105,101.31615595718277,0
2026-06-06 22:00:00,15.176305139410205,75.52712282499029,0.01960532315938535,101.46926758980852,0
2026-06-06 23:00:00,16.252529988926973,73.05802954674114,0.019697453432692975,99.4644278767929,0
2026-06-07 00:00:00,16.25972250172148,75.05979382220431,0.01961018343929464,101.75678867998698,0
2026-06-07 01:00:00,15.300128417161181,72.24810597386379,0.02226754019373413,101.61246879401361,0
2026-06-07 02:00:00,17.442440036070742,74.30780843557231,0.021187113444561725,99.9833168714235,0
2026-06-07 03:00:00,16.095839250611757,76.39038652272845,0.01411922273067144,100.7559195263258,0
2026-06-07 04:00:00,18.933920201352684,68.46539255377493,0.021311801553059524,100.96069271237236,0
2026-06-07 05:00:00,19.236069529622416,72.95925751599722,0.02038947238943755,100.86550321559827,0
2026-06-07 06:00:00,21.348163892197842,72.9768068711883,0.019962582487108204,101.33385996656854,0
2026-06-07 07:00:00,23.60031294193154,66.30046760907236,0.01922296309382223,102.43136678183119,0
2026-06-07 08:00:00,24.139586634716046,71.63347546590256,0.022248225439972028,102.08176672767283,0
2026-06-07 09:00:00,25.858085142889458,67.75156990442052,0.021895052924245716,99.6877808065686,0
2026-06-07 10:00:00,28.20244523192107,63.62802010294632,0.018454244664352783,101.62206999030604,0
2026-06-07 11:00:00,27.21866308821126,65.71353137411558,0.020814104574249072,102.32893331953541,0
2026-06-07 12:00:00,28.835692112065143,65.64810013539133,0.018056686530917427,101.3868085206892,0
2026-06-07 13:00:00,26.66584810307679,66.41933230036338,0.01724076367042214,102.09098042518596,0
2026-06-07 14:00:00,27.725956600621913,66.4967467043952,0.01874656555082007,103.01227044570076,0
2026-06-07 15:00:00,27.684209307777184,63.61128536761952,0.02172478694476552,102.02370954610699,0
2026-06-07 16:00:00,22.52835549987271,69.91603724817398,0.021906250090752175,101.24930859564172,0
2026-06-07 17:00:00,22.75601901514465,66.56775579407432,0.021026170840194588,102.04508847408475,0
2026-06-07 18:00:00,22.57707212718054,69.31589017555817,0.021450191573695994,101.14488783309689,0
2026-06-07 19:00:00,20.24404034334188,69.59695244239691,0.021032356574229916,101.02390304328496,0
2026-06-07 20:00:00,19.371145873371308,70.63202341612343,0.018717036809554097,100.64858576428627,0
2026-06-07 21:00:00,17.153374126164895,76.34948704948896,0.020863845089347882,102.56341335883211,0
2026-06-07 22:00:00,16.890437364766267,76.27027034937554,0.021600819050455366,100.18157133405799,0
2026-06-07 23:00:00,16.04876780687351,75.97926199631554,0.02150858265962715,102.53236772467811,0
2026-06-08 00:00:00,17.167782061659807,71.681148821327,0.022377826742949285,101.49986412374037,0
2026-06-08 01:00:00,16.4588658855668,73.80009039215695,0.021416607694402127,99.60069382519806,0
2026-06-08 02:00:00,17.14145023936857,76.3130352084635,0.020702896415083168,101.36764929299142,0
2026-06-08 03:00:00,17.34548234675825,74.00704794987321,0.022140300476632856,98.89997349234838,0
2026-06-08 04:00:00,18.512393775927507,77.42874405922139,0.01994695748150188,101.62550801683103,0
2026-06-08 05:00:00,20.014527541565254,72.37501364553654,0.018236250697544566,101.88523148298898,0
2026-06-08 06:00:00,22.394452142378295,70.06853651907743,0.019673866072112474,100.40764404434795,0
2026-06-08 07:00:00,23.131929789794864,68.47622323975911,0.018510194710387104,101.12354769595558,0
2026-06-08 08:00:00,25.289774856896415,67.63526192404743,0.018649643450051236,102.95415743375028,0
2026-06-08 09:00:00,28.318041485764724,64.64062713862712,0.019710962658568965,100.49425329573806,0
2026-06-08 10:00:00,28.067277126138325,66.56239565246652,0.018415160158000078,99.9410924129434,0
2026-06-08 11:00:00,27.46953142556657,67.53777949313591,0.01938407694072192,102.4816634024626,0
2026-06-08 12:00:00,29.201213922163944,62.66704994125294,0.01621277066609243,102.9625871905308,0
2026-06-08 13:00:00,27.38747958471286,63.027550425114164,0.020426587414745876,101.00369567184785,0
2026-06-08 14:00:00,25.158027887528778,63.80116694377038,0.02000241095072445,102.01146303540835,0
2026-06-08 15:00:00,25.23455437620188,68.42833915286359,0.018365822737863618,102.34147591553088,0
2026-06-08 16:00:00,23.129208078974145,66.88990032447295,0.02131849133686481,100.25751576746161,0
2026-06-08 17:00:00,23.201400786573817,64.73309818483598,0.021875140275253117,100.51469416463213,0
2026-06-08 18:00:00,22.01841837918955,70.76242250571029,0.016784880271262053,102.23087451315473,0
2026-06-08 19:00:00,22.123523041660157,74.88718060153747,0.018474550442867572,102.68501427870851,0
2026-06-08 20:00:00,19.326927373764164,72.12631627790888,0.018461715300425403,101.56288086017436,0
2026-06-08 21:00:00,17.538258784071854,75.2463745216458,0.01812019379778227,100.12018564649794,0
2026-06-08 22:00:00,17.633253158476858,73.65705619031364,0.021658949683863497,102.98706111169945,0
2026-06-08 23:00:00,13.993309733257705,76.20757290701155,0.019612347722454394,100.46902910218803,0
2026-06-09 00:00:00,16.235614558108566,76.44966131948868,0.01947097031737878,100.66486221882855,0
2026-06-09 01:00:00,16.975310236152556,73.43920272270066,0.015992275271186494,101.34233783448963,0
2026-06-09 02:00:00,15.325261331513527,75.87457556293299,0.021270836060418453,102.55416042071478,0
2026-06-09 03:00:00,18.901113356087645,73.12250492752192,0.017521483210293055,101.85397597655222,0
2026-06-09 04:00:00,19.338496407494414,70.79302196671837,0.02011986526053266,101.41486550036191,0
2026-06-09 05:00:00,20.031797815484072,73.5586464466858,0.020554753875916383,101.4632885301181,0
2026-06-09 06:00:00,22.632781866106285,69.14385499372416,0.022721317191677304,101.04351466864347,0
2026-06-09 07:00:00,25.82360712841952,65.42962397827868,0.017382359201761777,101.5581395145185,0
2026-06-09 08:00:00,25.181866255058495,68.52752668309402,0.01396097568835835,98.4704399223057,0
2026-06-09 09:00:00,26.49086127341962,64.61037501768223,0.02036769908950739,100.7033925409302,0
2026-06-09 10:00:00,26.73679152316639,66.26692909620515,0.02360102236302171,101.24132193491678,0
2026-06-09 11:00:00,26.94571058826962,66.0251935360959,0.022477892705878876,99.8489859163805,0
2026-06-09 12:00:00,28.830335816544245,66.70752247842776,0.020419318830549253,101.38632331781156,0
2026-06-09 13:00:00,26.93947113182554,66.99781956029948,0.019016727628735904,100.79552877901388,0
2026-06-09 14:00:00,27.267718659926025,65.7357711545689,0.021614245193274623,102.7554756983155,0
2026-06-09 15:00:00,25.764983240354166,68.62354600611724,0.018052907600591063,102.57301972521486,0
2026-06-09 16:00:00,25.478979825746393,69.9972312374375,0.02095271553871244,100.53419443088184,0
2026-06-09 17:00:00,23.886576375902074,69.60635951198206,0.021010940318333254,100.8491622884333,0
2026-06-09 18:00:00,23.0375399442579,69.19067328428044,0.02212041981499776,100.92605243439161,0
2026-06-09 19:00:00,19.937069330530125,69.02667207087558,0.025519320077822157,100.54834052384038,0
2026-06-09 20:00:00,18.73012506470663,70.48567262208395,0.020784831934357536,101.19502498402812,0
2026-06-09 21:00:00,16.77859559709841,73.56667411361194,0.018982072748585002,100.2417179311124,0
2026-06-09 22:00:00,16.359554317217256,73.29333214190764,0.01994885137561601,99.86938466506247,0
2026-06-09 23:00:00,16.581745535310443,73.96066096578075,0.016461848190221763,101.62271122390027,0
2026-06-10 00:00:00,16.75698861664535,74.30770895647794,0.018610573737821885,101.62952958422181,0
2026-06-10 01:00:00,15.282279718087965,76.43356173424309,0.019181435123773793,100.19568424034001,0
2026-06-10 02:00:00,17.673453497399027,73.3202396459626,0.018951823204130816,101.8953554307626,0
2026-06-10 03:00:00,19.112997171685667,73.28260555030387,0.020304709744067444,100.36842227083467,0
2026-06-10 04:00:00,19.413434903223703,72.19820090704128,0.0183551601352356,101.25316523803798,0
2026-06-10 05:00:00,22.32388154194294,65.7899616337379,0.022242061334648944,101.82034401261245,0
2026-06-10 06:00:00,21.22621080089643,68.74036057164535,0.020000414129836396,100.96638743529628,0
2026-06-10 07:00:00,22.308259567303708,69.46521723471379,0.019981399357722772,101.45474091214113,0
2026-06-10 08:00:00,23.22127975109572,66.6035867134412,0.019344210566974166,100.48357035611242,0
2026-06-10 09:00:00,27.738684998608466,66.60890946110564,0.02031038136771796,100.80353341657191,0
2026-06-10 10:00:00,27.85051807906069,68.38108720143885,0.02165019652933527,100.79414056911966,0
2026-06-10 11:00:00,27.739970286823954,67.84554747393547,0.0182657395685782,100.25342165345977,0
2026-06-10 12:00:00,28.27996862631982,64.54913935708373,0.018683767021849488,100.82322583688422,0
2026-06-10 13:00:00,26.670065910436033,69.24539954535108,0.019392547942446672,99.45138170113626,0
2026-06-10 14:00:00,29.64190440232346,64.18381139254545,0.01730825815305357,100.5088462528579,0
2026-06-10 15:00:00,26.371861869094513,65.82833856248831,0.018361484280557006,100.71512450663033,0
2026-06-10 16:00:00,25.109394794604892,66.28567883723422,0.01904755825291068,100.74382024750462,0
2026-06-10 17:00:00,24.27868089451382,67.57211591141268,0.021748778361425455,100.75850255412922,0
2026-06-10 18:00:00,22.481009231736714,68.83883897752818,0.02052512265800385,100.93823580013986,0
2026-06-10 19:00:00,20.670969753664004,71.40405664181976,0.02038717982273509,101.47944151808606,0
2026-06-10 20:00:00,18.209525544554687,73.35352752645598,0.021701795924335944,101.87451707413253,0
2026-06-10 21:00:00,18.228827670016713,73.02302990429345,0.019725256423201207,100.35023477315173,0
2026-06-10 22:00:00,18.6858720737684,73.52517868047798,0.02078092969985778,99.79679914461086,0
2026-06-10 23:00:00,17.549865088420567,75.94140047883623,0.019793556494135008,99.9579555877569,0
2026-06-11 00:00:00,17.593186626639397,75.42455896957114,0.020530724698799258,100.51279707880508,0
2026-06-11 01:00:00,15.693229365834405,72.07562057043268,0.018834482684776836,100.6480786821835,0
2026-06-11 02:00:00,15.814242757034787,69.84076352456826,0.015122365683447141,100.23000393380254,0
2026-06-11 03:00:00,17.631572392781067,75.36338190825369,0.019731441675627393,99.7038833357501,0
2026-06-11 04:00:00,19.055724912288696,69.62166267333821,0.02284549627219988,100.5438791725258,0
2026-06-11 05:00:00,21.541277247855824,69.91744739792998,0.021852430804483184,101.18142662011397,0
2026-06-11 06:00:00,20.30753537028518,69.01374565165314,0.021930794969182342,101.59502946583557,0
2026-06-11 07:00:00,25.08246459007574,63.93006745277937,0.022472261443612435,100.44257694689168,0
2026-06-11 08:00:00,24.84199210142101,68.80933177527277,0.020177315181922874,100.58700217785656,0
2026-06-11 09:00:00,25.815759617171864,68.46570262686781,0.020394631414811192,100.0733016911527,0
2026-06-11 10:00:00,26.184048047446463,65.49974076058939,0.0187646962091313,100.96856082962522,0
2026-06-11 11:00:00,26.14069828586864,61.505356787015266,0.0193678542879459,100.15157136580919,0
2026-06-11 12:00:00,28.823170583961915,63.448974636325495,0.021231542299542282,101.5731278132412,0
2026-06-11 13:00:00,27.868872924922815,66.08850967086684,0.02240776887433763,99.21413350806588,0
2026-06-11 14:00:00,25.906191522965578,63.91722364407927,0.019721107448638,100.64037032754754,0
2026-06-11 15:00:00,24.94756191505567,68.00867030751378,0.019099621470297177,101.30110733919174,0
2026-06-11 16:00:00,24.664215300709873,67.83800806108611,0.020001055917713194,101.1838345163225,0
2026-06-11 17:00:00,25.221935795904518,68.58103436247856,0.02120241349785823,103.6930336639805,0
2026-06-11 18:00:00,21.740408648636397,70.4468338179192,0.017112290367732916,101.34980002456791,0
2026-06-11 19:00:00,18.943942776266766,70.49870789722348,0.015407638093725525,99.99594540315799,0
2026-06-11 20:00:00,18.754256935914057,74.98973745459774,0.018898926301016833,100.90453575291093,0
2026-06-11 21:00:00,17.484635743133044,73.29523225943963,0.017558575148171683,99.22375366653355,0
2026-06-11 22:00:00,14.106960934351797,76.25982217349869,0.01898371960470538,100.91940025070323,0
2026-06-11 23:00:00,16.15015017574778,72.81334394125538,0.01970443936236506,100.16694394299924,0
2026-06-12 00:00:00,15.769065469791322,74.09818312178392,0.019093503181953974,101.91539027556016,0
2026-06-12 01:00:00,16.900651407079007,72.30987344628299,0.022904935068941493,100.45045972540447,0
2026-06-12 02:00:00,18.65280367223871,72.33186494236217,0.02065348952920464,100.88323408420476,0
2026-06-12 03:00:00,18.88392434242847,75.91627748634191,0.02060094871922166,100.3644421585956,0
2026-06-12 04:00:00,18.73111130944517,69.87130866658116,0.021244414288086804,102.73885135185333,0
2026-06-12 05:00:00,19.340559820643204,68.90042934773194,0.017722333764438464,100.6787572338821,0
2026-06-12 06:00:00,24.57335980324986,70.88365281238733,0.022078223574840537,102.8325570434792,0
2026-06-12 07:00:00,23.612132704629616,68.29164648199257,0.019848471426929082,101.81415176211827,0
2026-06-12 08:00:00,25.013929291912945,66.25071108914982,0.021340961234482425,101.48206672733538,0
2026-06-12 09:00:00,26.21851560000928,68.70499689478473,0.01785628553391969,101.36873314731751,0
2026-06-12 10:00:00,27.394237183474488,64.47337917374668,0.016892482467967873,101.39379729821626,0
2026-06-12 11:00:00,27.65119454581047,69.1310637904455,0.02163577931605006,99.07232742065439,0
2026-06-12 12:00:00,27.426337993119763,67.01478134818272,0.020752819052195035,100.72111660584925,0
2026-06-12 13:00:00,27.24869601649402,64.82522037051338,0.01819589689128498,101.84515797118432,0
2026-06-12 14:00:00,27.163399152490634,70.1838971045385,0.01826067383745061,100.95110281652589,0
2026-06-12 15:00:00,25.69921591598552,65.82919742120491,0.02225086956882954,99.59481015319642,0
2026-06-12 16:00:00,24.287154217322836,69.65446737016035,0.017621176214265344,100.94759554942253,0
2026-06-12 17:00:00,23.65934449830702,69.27110956216737,0.023285345906511927,102.7041055162555,0
2026-06-12 18:00:00,21.745022782579145,72.80746435273429,0.018198758530704264,102.24689171553472,0
2026-06-12 19:00:00,21.95107871796756,73.16215941907966,0.021276783851216768,100.93799599063396,0
2026-06-12 20:00:00,16.34903019160699,74.58478414484595,0.01934276304850203,101.95144927705809,0
2026-06-12 21:00:00,18.848866164803177,71.01407132746509,0.021206374862164687,100.63349297963195,0
2026-06-12 22:00:00,18.049932769790995,74.07999807004543,0.018911771995771615,99.29612841317328,0
2026-06-12 23:00:00,14.13105480985744,74.93972541260983,0.019674414187855413,100.07553401187045,0
2026-06-13 00:00:00,15.657312405919651,79.10092457031753,0.020081838350791442,102.5628887685082,0
2026-06-13 01:00:00,15.833004176269798,75.20666732114964,0.017995625088437054,100.7260069181707,0
2026-06-13 02:00:00,15.396335882575547,74.55228819131534,0.021481648690840252,100.75661602062499,0
2026-06-13 03:00:00,16.97954262528984,74.38572651149795,0.01897357286705683,100.70016180372512,0
2026-06-13 04:00:00,17.889424154534172,70.59420809731327,0.019542800169319963,102.90413658957301,0
2026-06-13 05:00:00,22.199356172808496,67.8972869847319,0.018011301250782975,102.62595891536206,0
2026-06-13 06:00:00,22.935678393147462,71.65228510137088,0.01487533268240938,103.21878023344813,0
2026-06-13 07:00:00,24.824469365609286,66.42663594956979,0.019617944474799663,100.84095478959995,0
2026-06-13 08:00:00,25.721672064043236,64.92884038340154,0.024825230843225833,101.2956244887471,0
2026-06-13 09:00:00,25.113588915902056,68.58243437233293,0.02156920857579605,99.4833574505792,0
2026-06-13 10:00:00,26.67163215642686,68.63410258418452,0.01996147924053121,102.47693442611828,0
2026-06-13 11:00:00,28.28492951896233,66.40996300616027,0.019474218341583464,99.83222044873206,0
2026-06-13 12:00:00,26.777872191108056,68.16979761872518,0.020044931785624092,101.21677556376262,0
2026-06-13 13:00:00,28.508553387906797,63.279567112535645,0.02109423823035042,99.90269747236715,0
2026-06-13 14:00:00,26.955827024548498,63.19171704687751,0.01763837436938231,100.4111331732613,0
2026-06-13 15:00:00,25.867819879569687,69.90841140025522,0.022228643389337745,100.1627375689503,0
2026-06-13 16:00:00,25.71095996820349,66.38587234775294,0.021430762630882488,100.39212473932419,0
2026-06-13 17:00:00,23.997177582101166,67.90059190140897,0.02143637145141587,100.46087729685102,0
2026-06-13 18:00:00,21.63903383418092,72.94516121635338,0.020876951477619456,100.45173120507492,0
2026-06-13 19:00:00,21.60641553274912,71.42732759260201,0.02003923331538798,101.8333339117803,0
2026-06-13 20:00:00,17.918936672400104,74.17662620624314,0.02134572247193364,99.89513720693748,0
2026-06-13 21:00:00,18.37329491982498,77.23136875394218,0.021183628267482758,101.22054142701387,0
2026-06-13 22:00:00,17.396948835261753,72.3954044710303,0.019291918578117954,102.21795915230555,0
2026-06-13 23:00:00,15.8948986029516,76.73976137380119,0.0188527964542062,100.48680363548661,0
2026-06-14 00:00:00,16.326133022242118,74.65311983200047,0.020203712590523972,100.2820811092524,0
2026-06-14 01:00:00,14.953331465880288,76.1745193850223,0.023098040302990376,100.76947537481975,0
2026-06-14 02:00:00,17.727874596500268,76.47463717562485,0.017521785848692198,102.17972520836071,0
2026-06-14 03:00:00,17.572457176437727,74.55770577142907,0.01706494946849512,101.19410763095335,0
2026-06-14 04:00:00,18.477276979480962,73.8947705745145,0.020329521682473033,100.4687857053924,0
2026-06-14 05:00:00,21.496094955221764,72.54813871044219,0.020101775403712035,101.48387665118804,0
2026-06-14 06:00:00,21.29565630945724,69.83356949334843,0.020346683328740817,99.89770785016357,0
2026-06-14 07:00:00,22.144452974251568,68.20601828592073,0.020487906395817,101.68135951044295,0
2026-06-14 08:00:00,23.443370826476098,66.75568495077705,0.01955359549073039,101.40860730770177,0
2026-06-14 09:00:00,26.848650638464925,62.18836631047606,0.022979726877204166,100.69219152886112,0
2026-06-14 10:00:00,25.915723070210348,70.97983580371238,0.01679819204304697,100.16141420155277,0
2026-06-14 11:00:00,29.550349139718776,61.75330395678161,0.018343005950439507,100.11331907771654,0
2026-06-14 12:00:00,25.91807059211628,66.42303627913543,0.019793490479701907,101.53481733634591,0
2026-06-14 13:00:00,29.49201132602445,63.45276433940259,0.016713622377691667,102.22898050248907,0
2026-06-14 14:00:00,27.40716988990925,66.2890774836908,0.01964829119113586,100.3626922529712,0
2026-06-14 15:00:00,26.14592757524889,68.31473236487948,0.023322940331456037,101.45838670355148,0
2026-06-14 16:00:00,24.45508091319105,69.75688224616665,0.020041772976591925,98.91297298139793,0
2026-06-14 17:00:00,23.952050384967198,67.27220481488837,0.020461401811437366,100.4153822693428,0
2026-06-14 18:00:00,21.96236529757515,69.69586433436704,0.01747967046965484,100.9689410671291,0
2026-06-14 19:00:00,21.550387611401394,70.92484981185548,0.018767277183921044,100.09031658301816,0
2026-06-14 20:00:00,19.11422764866204,71.81123562870327,0.019249607239352127,100.0634936252104,0
2026-06-14 21:00:00,17.907661074342595,76.48856229256592,0.01936456980648753,100.33222044353111,0
2026-06-14 22:00:00,16.440235365079513,75.4297616112129,0.022563287590007537,101.29219272832637,0
2026-06-14 23:00:00,16.147499418544523,76.15175603726401,0.021115382121450248,100.81267098159363,0
